32,0.25600000000000001,0,0,0,0,0,0,0,0
33,0.40200000000000002,0.082322966507177034,-0.045933014354066992,0.29667703349282298,0.75023923444976082,141.5,145.5,148.5,171.5
34,0.54100000000000004,0.075267942583732067,0.44401913875598087,0.44273205741626798,0.78086124401913892,194.5,51.5,206.5,62.5
35,0.52200000000000002,-0.026098086124401967,-0.045933014354066992,0.5250980861244019,0.75023923444976082,149.5,145.5,167.5,171.5
36,0.52000000000000002,0.0030239234449760668,-0.13779904306220095,0.49297607655502396,0.8421052631578948,86.5,175.5,102.5,207.5
37,0.85599999999999998,0.0031028708133970574,-0.076555023923444987,0.82989712918660297,0.78086124401913892,125.5,179.5,152.5,207.5
38,0.68900000000000006,0.0086578947368420242,-0.045933014354066992,0.68234210526315786,0.75023923444976082,168.5,145.5,190.5,171.5
39,0.27300000000000002,0.033133971291866016,0.44401913875598087,0.21686602870813401,0.78086124401913892,201.5,132.5,207.5,143.5
40,0.32800000000000001,0.016389952153110062,-0.19904306220095694,0.32261004784689001,0.81148325358851692,18.5,174.5,28.5,207.5
41,0.32700000000000001,-0.017610047846889933,-0.19904306220095694,0.28861004784688998,0.81148325358851692,29.5,174.5,39.5,207.5
42,0.54100000000000004,0.029334928229665071,0.35215311004784688,0.48866507177033497,0.78086124401913892,21.5,0.5,36.5,14.5
43,0.71499999999999997,0.053090909090909029,0.015311004784688997,0.63490909090909087,0.59712918660287084,145.5,16.5,164.5,35.5
44,0.27300000000000002,-0.0084880382775119785,-0.16842105263157897,0.23648803827751194,0.168421052631579,57.5,3.5,65.5,14.5
45,0.33800000000000002,0.0043899521531100593,0.19904306220095697,0.31061004784689,0.38277511961722499,95.5,8.5,105.5,14.5
46,0.27200000000000002,0.017822966507177018,-0.045933014354066992,0.23217703349282298,0.19904306220095694,194.5,42.5,201.5,50.5
47,0.29999999999999999,-0.029421052631578945,-0.045933014354066992,0.30742105263157904,0.75023923444976082,0.5,117.5,11.5,143.5
48,0.52500000000000002,-0.0022870813397129234,-0.045933014354066992,0.51828708133971302,0.75023923444976082,12.5,117.5,29.5,143.5
49,0.52500000000000002,0.02876794258373205,-0.045933014354066992,0.39623205741626794,0.75023923444976082,30.5,117.5,42.5,143.5
50,0.52500000000000002,0.010523923444976088,-0.045933014354066992,0.50047607655502391,0.75023923444976082,191.5,145.5,207.5,171.5
51,0.52500000000000002,0.0085239234449760674,-0.045933014354066992,0.49847607655502396,0.75023923444976082,43.5,117.5,59.5,143.5
52,0.52500000000000002,-0.024598086124401952,-0.045933014354066992,0.52659808612440195,0.75023923444976082,60.5,117.5,78.5,143.5
53,0.52500000000000002,0.017023923444976066,-0.045933014354066992,0.50697607655502397,0.75023923444976082,79.5,117.5,95.5,143.5
54,0.52500000000000002,-0.0052870813397129408,-0.045933014354066992,0.51528708133971302,0.75023923444976082,96.5,117.5,113.5,143.5
55,0.52500000000000002,0.011023923444976092,-0.045933014354066992,0.50097607655502396,0.75023923444976082,114.5,117.5,130.5,143.5
56,0.52500000000000002,-0.0042870813397128948,-0.045933014354066992,0.51628708133971302,0.75023923444976082,143.5,117.5,160.5,143.5
57,0.52500000000000002,-0.0082870813397129418,-0.045933014354066992,0.51228708133971301,0.75023923444976082,165.5,90.5,182.5,116.5
58,0.27200000000000002,0.01632296650717701,-0.045933014354066992,0.23067703349282298,0.56650717703349296,135.5,42.5,142.5,62.5
59,0.27300000000000002,-0.0069880382775119832,-0.16842105263157897,0.23798803827751194,0.56650717703349296,83.5,38.5,91.5,62.5
60,0.71499999999999997,0.053090909090909022,0.045933014354066992,0.63490909090909087,0.56650717703349296,165.5,18.5,184.5,35.5
61,0.71499999999999997,0.053090909090909015,0.10717703349282297,0.63490909090909087,0.50526315789473686,37.5,1.5,56.5,14.5
62,0.71499999999999997,0.053090909090909022,0.045933014354066992,0.63490909090909087,0.56650717703349296,185.5,18.5,204.5,35.5
63,0.47600000000000003,0.015145933014354072,-0.045933014354066992,0.443854066985646,0.75023923444976082,50.5,36.5,64.5,62.5
64,0.82300000000000006,0.0019138755980860581,-0.045933014354066992,0.79808612440191395,0.75023923444976082,23.5,36.5,49.5,62.5
65,0.63900000000000001,-0.026842105263157983,-0.045933014354066992,0.64684210526315777,0.75023923444976082,0.5,36.5,22.5,62.5
66,0.57400000000000007,0.025212918660287038,-0.045933014354066992,0.5457870813397131,0.75023923444976082,65.5,36.5,82.5,62.5
67,0.58299999999999996,0.0059019138755980229,-0.045933014354066992,0.55709808612440193,0.75023923444976082,175.5,63.5,193.5,89.5
68,0.65100000000000002,0.022779904306220032,-0.045933014354066992,0.63522009569378002,0.75023923444976082,154.5,63.5,174.5,89.5
69,0.51800000000000002,0.030334928229665076,-0.045933014354066992,0.48966507177033497,0.75023923444976082,138.5,63.5,153.5,89.5
70,0.47999999999999998,0.031645933014354075,-0.045933014354066992,0.46035406698564602,0.75023923444976082,123.5,63.5,137.5,89.5
71,0.66700000000000004,0.0067799043062200578,-0.045933014354066992,0.61922009569378,0.75023923444976082,102.5,63.5,122.5,89.5
72,0.628,0.024901913875598054,-0.045933014354066992,0.57609808612440194,0.75023923444976082,83.5,63.5,101.5,89.5
73,0.29499999999999998,0.026822966507177009,-0.045933014354066992,0.24117703349282296,0.75023923444976082,75.5,63.5,82.5,89.5
74,0.38,-0.029732057416267943,-0.045933014354066992,0.33773205741626794,0.75023923444976082,62.5,63.5,74.5,89.5
75,0.59399999999999997,0.027590909090909006,-0.045933014354066992,0.6094090909090909,0.75023923444976082,42.5,63.5,61.5,89.5
76,0.47200000000000003,0.019334928229665069,-0.045933014354066992,0.47866507177033496,0.75023923444976082,26.5,63.5,41.5,89.5
77,0.84099999999999997,0.024224880382775048,-0.045933014354066992,0.78977511961722502,0.75023923444976082,0.5,63.5,25.5,89.5
78,0.66800000000000004,0.030590909090909051,-0.045933014354066992,0.6124090909090909,0.75023923444976082,183.5,90.5,202.5,116.5
79,0.67500000000000004,0.0034688995215310216,-0.045933014354066992,0.64653110047846896,0.75023923444976082,186.5,181.5,207.5,207.5
80,0.54500000000000004,0.020212918660287071,-0.045933014354066992,0.54078708133971309,0.75023923444976082,147.5,90.5,164.5,116.5
81,0.67600000000000005,0.0034688995215310216,-0.16842105263157897,0.64653110047846896,0.75023923444976082,103.5,177.5,124.5,207.5
82,0.58299999999999996,0.023901913875598039,-0.045933014354066992,0.57509808612440194,0.75023923444976082,106.5,90.5,124.5,116.5
83,0.51800000000000002,0.002023923444976088,-0.045933014354066992,0.49197607655502396,0.75023923444976082,89.5,90.5,105.5,116.5
84,0.501,-0.022787081339712897,-0.045933014354066992,0.49778708133971306,0.75023923444976082,71.5,90.5,88.5,116.5
85,0.64100000000000001,0.032401913875598029,-0.045933014354066992,0.58359808612440189,0.75023923444976082,52.5,90.5,70.5,116.5
86,0.60399999999999998,-0.027031100478468951,-0.045933014354066992,0.61603110047846898,0.75023923444976082,30.5,90.5,51.5,116.5
87,0.85299999999999998,-0.028519138755980913,-0.045933014354066992,0.85951913875598085,0.75023923444976082,0.5,90.5,29.5,116.5
88,0.60399999999999998,-0.031531100478468951,-0.045933014354066992,0.61153110047846893,0.75023923444976082,125.5,90.5,146.5,116.5
89,0.58399999999999996,-0.041531100478468953,-0.045933014354066992,0.60153110047846892,0.75023923444976082,179.5,117.5,200.5,143.5
90,0.52100000000000002,-0.011287081339712903,-0.045933014354066992,0.50928708133971301,0.75023923444976082,161.5,117.5,178.5,143.5
91,0.32800000000000001,0.040700956937799043,-0.19904306220095694,0.31629904306220102,0.81148325358851692,53.5,174.5,62.5,207.5
92,0.29999999999999999,-0.029421052631578945,-0.045933014354066992,0.30742105263157904,0.75023923444976082,131.5,117.5,142.5,143.5
93,0.32800000000000001,-0.010799043062200963,-0.19904306220095694,0.26479904306220098,0.81148325358851692,63.5,174.5,72.5,207.5
94,0.56100000000000005,-0.046720095693779974,0.32153110047846889,0.56572009569378001,0.75023923444976082,0.5,0.5,20.5,14.5
95,0.5,-0.040909090909090964,-0.16842105263157897,0.54090909090909089,-0.015311004784689004,106.5,9.5,125.5,14.5
96,0.246,-0.057799043062200975,0.53588516746411485,0.21779904306220096,0.78086124401913881,85.5,6.5,94.5,14.5
97,0.53200000000000003,0.0025239234449760668,-0.045933014354066992,0.49247607655502396,0.56650717703349296,45.5,15.5,61.5,35.5
98,0.56200000000000006,0.017212918660287038,-0.045933014354066992,0.53778708133971309,0.78086124401913881,36.5,144.5,53.5,171.5
99,0.44700000000000001,-0.0096650717703349268,-0.045933014354066992,0.44966507177033499,0.56650717703349296,62.5,15.5,77.5,35.5
100,0.56000000000000005,0.00071291866028700215,-0.045933014354066992,0.52128708133971291,0.78086124401913881,54.5,144.5,71.5,171.5
101,0.52200000000000002,-0.0097870813397129448,-0.045933014354066992,0.51078708133971296,0.56650717703349296,78.5,15.5,95.5,35.5
102,0.35599999999999998,-0.022043062200956948,-0.045933014354066992,0.37604306220095696,0.81148325358851692,153.5,179.5,166.5,207.5
103,0.56000000000000005,0.0022129186602870376,-0.26028708133971301,0.52278708133971308,0.56650717703349274,72.5,144.5,89.5,171.5
104,0.54900000000000004,0.019023923444976078,-0.045933014354066992,0.50897607655502397,0.78086124401913881,116.5,144.5,132.5,171.5
105,0.26600000000000001,0.014822966507177017,-0.045933014354066992,0.22917703349282298,0.78086124401913881,133.5,144.5,140.5,171.5
106,0.27100000000000002,-0.063610047846889964,-0.26028708133971301,0.24261004784689,0.7808612440191387,7.5,173.5,17.5,207.5
107,0.51300000000000001,0.011712918660287069,-0.045933014354066992,0.53228708133971303,0.78086124401913881,98.5,144.5,115.5,171.5
108,0.26600000000000001,0.015322966507177014,-0.045933014354066992,0.22967703349282298,0.78086124401913881,90.5,144.5,97.5,171.5
109,0.81600000000000006,0.012224880382775045,-0.045933014354066992,0.77777511961722501,0.56650717703349296,19.5,15.5,44.5,35.5
110,0.54900000000000004,0.016523923444976087,-0.045933014354066992,0.50647607655502391,0.56650717703349296,128.5,15.5,144.5,35.5
111,0.55900000000000005,-0.0075980861244019701,-0.045933014354066992,0.54359808612440197,0.56650717703349296,162.5,42.5,180.5,62.5
112,0.56300000000000006,0.017712918660287021,-0.26028708133971301,0.53828708133971293,0.56650717703349274,18.5,144.5,35.5,171.5
113,0.55900000000000005,0.0012129186602870376,-0.26028708133971301,0.52178708133971308,0.56650717703349274,0.5,144.5,17.5,171.5
114,0.374,0.0087679425837320513,-0.045933014354066992,0.37623205741626792,0.56650717703349296,181.5,42.5,193.5,62.5
115,0.42799999999999999,-0.010854066985645918,-0.045933014354066992,0.41785406698564603,0.56650717703349296,120.5,42.5,134.5,62.5
116,0.374,-0.028543062200956926,-0.045933014354066992,0.36954306220095695,0.71961722488038293,194.5,64.5,207.5,89.5
117,0.54900000000000004,0.021523923444976088,-0.045933014354066992,0.51147607655502392,0.56650717703349296,96.5,15.5,112.5,35.5
118,0.51400000000000001,-0.030098086124401954,-0.045933014354066992,0.52109808612440189,0.56650717703349296,143.5,42.5,161.5,62.5
119,0.78200000000000003,-0.033897129186602933,-0.045933014354066992,0.79289712918660293,0.56650717703349296,92.5,42.5,119.5,62.5
120,0.504,-0.034598086124401899,-0.045933014354066992,0.51659808612440206,0.56650717703349296,0.5,15.5,18.5,35.5
121,0.499,-0.036098086124401907,-0.26028708133971301,0.515098086124402,0.56650717703349274,167.5,180.5,185.5,207.5
122,0.439,-0.0063540669856459253,-0.045933014354066992,0.42235406698564598,0.56650717703349296,113.5,15.5,127.5,35.5
123,0.35599999999999998,-0.011732057416267929,-0.19904306220095694,0.35573205741626801,0.81148325358851692,40.5,174.5,52.5,207.5
124,0.245,0.019133971291866017,-0.29090909090909095,0.202866028708134,0.78086124401913892,0.5,172.5,6.5,207.5
125,0.35399999999999998,-0.023232057416267934,-0.19904306220095694,0.344232057416268,0.81148325358851692,73.5,174.5,85.5,207.5
126,0.621,0.023401913875598014,0.10717703349282297,0.57459808612440189,0.38277511961722493,66.5,5.5,84.5,14.5
